No.,Tanggal Iklan,URL,Harga,Kota,LT (m²),LB (m²),KT,KM,KTP,KMP,Carport,Garasi,Listrik,Surat,Judul,Deskripsi
1,27 September 2019,https://www.rumah123.com/properti/lombok-barat/hos5049423/,Rp. 1.250.000.000,"Batu Layar, Lombok Barat",191,198,5,3,0,0,0,0,0,SHM,Rumah nuansa villa di Meninting,"Rumah nuansa villa di Meninting code : 808 Luas tanah 191 m2 Luas bangunan 198 m2 Lantai 2 Terdiri dari 5 kamar tidur + 3 kamar mandi Ruang tamu, ruang keluarga, dapur. SHM harga Rp 1.25 Milyar More info +6287765435258 / +6282144681128"
2,30 Oktober 2019,https://www.rumah123.com/properti/lombok-barat/hos5224742/,Rp. 990.000.000,"Senggigi, Lombok Barat",150,90,2,1,0,0,0,0,0,SHM,Rumah di Green valley Senggigi,"Rumah di Green valley Senggigi kode: 244 luas tanah 150 m2 Terdiri dari 2 kamar tidur + 1 kamar mandi Ruang tamu, ruang makan, dapur include furniture Harga Rp. 990 Juta"
3,5 November 2019,https://www.rumah123.com/properti/lombok-barat/hos5275684/,Rp. 1.900.000.000,"Senggigi, Lombok Barat",300,100,2,2,0,0,0,0,0,SHM,Villa di stangi dekat pantai,"Villa di stangi dekat pantai code : 247 Luas tanah 300 m2 Terdiri dari 2 kamar tidur+2 kamar mandi Ruang tamu, ruang keluarga, dapur Kolam renang pribadi Sekitar 150 meter dari pantai stangi Harga Rp 1,9 Milyar"
4,13 Februari 2020,https://www.rumah123.com/properti/lombok-barat/hos6118860/,Rp. 370.000.000,"Gunung Sari, Lombok Barat",120,56,2,1,0,0,0,0,1300,SHM,Rumah Cluster Taman Nyiur Gading Sesela Lombok barat R134,"Rumah Cluster Taman Nyiur Gading Sesela Lombok barat HANYA TINGGAL 1 UNIT SAJA!!! Lokasi : Jl. Sesela Raya, Sesela Luas : Bangunan 56 M2 / Tanah 120 M2 Harga : Rp. 370.000.000/global Keterangan : Perumahan dengan sistem cluster 1 pintu, terdiri dari 18 unit rumah. Dengan 2 kamar tidur dan 1 kamar mandi, Carport dengan awning, sudah dipasang teralis, listrik 1.300 watt, PDAM. Kualitas bangunan bagus. Lebar jalan 7 meter. Lokasi dekat dengan Puskesmas, pasar seni dan indomaret. SHM."
5,14 Februari 2020,https://www.rumah123.com/properti/lombok-barat/hos6126128/,Rp. 158.000.000,"Batu Layar, Lombok Barat",70,26,2,1,0,0,0,0,0,SHM,Rumah subsidi Batulayar Lombok barat S004,"Bila saat ini anda sedang atau akan berencana untuk memiliki rumah bersubsidi, menginginkan rumah bersubsidi berkualitas, letaknya mudah dijangkau, dekat dengan pusat kota, bahkan Di dalam kawasan yang tergolong komersil maka yang kami miliki sesuai dengan yang anda inginkan!! Perumahan bersubsidi berkualitas, Hanya 2 menit dari Mataram! Gerbang tepat di pinggir Jalan raya meninting yang merupakan jalur utama menuju kawasan wisata senggigi, Ready Unit dan siap dihuni! Menjadikan perumahan ini pilihan hunian terbaik di kelasnya! Bergabunglah dengan 200 pembeli yang puas dengan pilihan rumah bersubsidi mereka! Pesan sekarang juga, sebelum kehabisan! Tidak perlu booking Fee, langsung DP. Bila tidak lolos Bi checking, DP dipotong 30%. Keterangan : 2 kamar tidur, tidak couple. Perkiraan biaya2 yang timbul mulai booking hingga terima kunci."
6,4 September 2020,https://www.rumah123.com/properti/lombok-barat/hos7260350/,Rp. 416.300.000,"Labuapi, Lombok Barat",102,40,2,1,0,0,1,0,0,SHM,Rumah dan Tanah kavling di Perumahan Griya Taman Sari Labu Api R172,"Rumah dan Tanah kavling di Perumahan Griya Taman Sari Labu Api. Terdiri dari 2 kamar tidur dan 1 kamar mandi. Lokasi strategis, berada di jalur Bypass BIL, dekat ke Mataram sekitar 3 menit dan 10 menit ke kantor pemerintahan. Sistem pembayaran bisa cash, cash bertahap maupun KPR. *Tanah kavling yg bisa dibeli hanya bagian hook saja."
7,16 Oktober 2020,https://www.rumah123.com/properti/lombok-barat/hos7291829/,Rp. 168.000.000,"Labuapi, Lombok Barat",75,28,2,1,0,0,0,0,0,SHM,Rumah subsidi Bale Agung 2 di Kediri Lombok barat S040,"Keterangan :Rumah subsidi Bale Agung 2 Banyumulek Kediri Lombok barat. Terdiri dari 2 kamar tidur dan 1 kamar mandi. Type bangunan single dengan 3 model rumah dan denah. Unit rumah sudah ready siap ditempati. Lokasi strategis, Akses jalan bypass BIL, di depan Puskesmas Banyumulek dengan lebar jalan utama 9 meter. Dilengkapi dengan IMB dan SHM."
8,17 September 2020,https://www.rumah123.com/properti/lombok-barat/hos7324163/,Rp. 375.000.000,"Gunung Sari, Lombok Barat",100,47,2,1,0,0,1,0,1300,SHM,RUMAH ASRI SIAP HUNI,"lokasi berada di daerah aman, dekat dengan daerah wisata senggigi, dekat dengan pusat kota Mataram, tinggal di tempati"
9,16 Oktober 2020,https://www.rumah123.com/properti/lombok-barat/hos7438181/,Rp. 168.000.000,"Kediri, Lombok Barat",75,28,2,1,0,0,0,0,0,SHM,Rumah subsidi Bale Agung 2 di Kediri Lombok barat S040,"Keterangan :Rumah subsidi Bale Agung 2 Banyumulek Kediri Lombok barat. Terdiri dari 2 kamar tidur dan 1 kamar mandi. Type bangunan single dengan 3 model rumah dan denah. Unit rumah sudah ready siap ditempati. Lokasi strategis, Akses jalan bypass BIL, di depan Puskesmas Banyumulek dengan lebar jalan utama 9 meter. Dilengkapi dengan IMB dan SHM."
10,16 Oktober 2020,https://www.rumah123.com/properti/lombok-barat/hos7438487/,Rp. 168.000.000,"Gunung Sari, Lombok Barat",72,30,2,1,0,0,0,0,0,SHM,"Rumah subsidi ""Lilir Rumah Kita"" Gunungsari Lombok barat S041","Rumah subsidi ""Lilir Rumah Kita"" Gunungsari Lombok barat Lokasi : Jl. Kekeri Mambalan Gunung sari Luas : 30/72 M2 Harga : Rp. 168,000,000 Keterangan : Rumah subsidi Lilir Rumah Kita Gunungsari Lombok barat dengan konsep bangunan Villa timur tengah standar Eropa. Terdiri dari 2 kamar tidur, 1 kamar mandi, 1 dapur khusus, halaman depan dan belakang luas. SHM. Proses pembangunan 40 unit, progres sudah mencapai 70%. Total yg akan dibangun 118 unit, dan sudah terbooking 57 unit. Biaya kelebihan tanah Rp. 1,500,000/M2. NB : Kami tidak dapat menjawab pertanyaan melalui marketplace karena keterbatasan waktu tenaga, jika ada pertanyaan silakan WA: 082341777336"
11,16 Oktober 2020,https://www.rumah123.com/properti/lombok-barat/hos7438770/,Rp. 375.000.000,"Labuapi, Lombok Barat",100,40,2,1,0,0,0,0,0,SHM,Perumahan Grand muslim 2 Labu Api Lombok barat R180,"Perumahan Grand muslim 2 Labu Api Lombok barat Lokasi : Terong tawah Labu Api Luas : 40/100 M2 Harga : Rp. 375,000,000 Keterangan : Perumahan Grand muslim 2 Labu Api Lombok barat. Terdiri dari 2 kamar tidur dan 1 kamar mandi. Gratis pemasangan gerbang dan pagar keliling. Lokasi sangat dekat ke jalan Lingkar selatan, hanya 5 menit ke RS Kota Mataram. SHM. NB : Kami tidak dapat menjawab pertanyaan melalui marketplace karena keterbatasan waktu tenaga, jika ada pertanyaan silakan WA: 082341777336"
12,16 Oktober 2020,https://www.rumah123.com/properti/lombok-barat/hos7439307/,Rp. 270.000.000,"Gunung Sari, Lombok Barat",90,36,2,1,0,0,0,0,0,SHM,Perumahan Bellpark 2 Kekeri Gunung sari Lombok barat R181,"Perumahan Bellpark 2 Kekeri Gunung sari Lombok barat Lokasi : Kekeri Gunung sari Luas : 36/90 M2Harga : Rp. 270,000,000 Keterangan : Perumahan Bellpark 2 Kekeri Gunung sari Lombok barat. Terdiri dari 2 kamar tidur dan 1 kamar mandi. Dengan fasilitas pendukung seperti Kolam renang, masjid, TK dan Paud dan taman bermain. Hanya 3 menit ke Jalan Jendral Sudirman Rembiga. SHM. NB : Kami tidak dapat menjawab pertanyaan melalui marketplace karena keterbatasan waktu tenaga, jika ada pertanyaan silakan WA: 082341777336"
13,17 Oktober 2020,https://www.rumah123.com/properti/lombok-barat/hos7442436/,Rp. 168.000.000,"Gerung, Lombok Barat",80,27,2,1,0,0,0,0,0,SHM,Rumah subsidi Alam Tembesi Asri Gerung Lombok barat S042,"Rumah subsidi Alam Tembesi Asri Gerung Lombok barat Lokasi : Banyu urip, Gerung Luas : 27/80 M2 Harga : Rp. 168,000,000 Keterangan : Rumah subsidi Alam Tembesi Asri Gerung Lombok barat. Terdiri dari 2 kamar tidur dan 1 kamar mandi. Rumah sudah ready, hanya tersisa 11 unit saja. Ayo segera booking sebelum kehabisan!!! NB : Kami tidak dapat menjawab pertanyaan melalui marketplace karena keterbatasan waktu tenaga, jika ada pertanyaan silakan WA: 087850177779."
14,17 Oktober 2020,https://www.rumah123.com/properti/lombok-barat/hos7442598/,Rp. 750.000.000,"Batu Layar, Lombok Barat",212,130,3,2,0,0,1,0,0,SHM,Rumah type 130/212 M2 dan isinya di Perumahan Permata hijau Batu Layar R182,"Rumah type 130/212 M2 dan isinya di Perumahan Permata hijau Batu Layar Lokasi : Meninting Batu Layar Lombok barat Luas : 130/212 M2 Harga : Rp. 750,000,000/global Keterangan : Rumah type 130/212 M2 dan isinya di Perumahan Permata hijau Batu Layar. Terdiri dari 3 kamar tidur, 2 kamar mandi, ruang tamu, ruang keluarga, dapur dengan kitchen set, halaman samping yg luas, halaman depan, gazebo, taman, dan garasi. SHM. NB : Kami tidak dapat menjawab pertanyaan melalui marketplace karena keterbatasan waktu tenaga, jika ada pertanyaan silakan WA: 082341777336"
15,17 Oktober 2020,https://www.rumah123.com/properti/lombok-barat/hos7442807/,Rp. 350.000.000,"Batu Layar, Lombok Barat",97,78,2,2,0,0,1,0,0,SHM,Rumah type 78/97 M2 dan isinya di Perumahan Bintang Senggigi Batu Layar R183,"Rumah type 78/97 M2 dan isinya di Perumahan Bintang Senggigi Batu Layar  Lokasi : Jl. Teratai Senteluk Batu Layar Lombok barat Luas : 78/97 M2 Harga : Rp. 350,000,000/global Keterangan : Rumah type 78/97 M2 dan isinya di Perumahan Bintang Senggigi Batu Layar. Terdiri dari 2 kamar tidur, 2 kamar mandi, ruang tamu, ruang keluarga, dapur besar dengan kitchen set, taman depan, taman belakang, dan garasi. SHM. NB : Kami tidak dapat menjawab pertanyaan melalui marketplace karena keterbatasan waktu tenaga, jika ada pertanyaan silakan WA: 082341777336"
16,31 Oktober 2020,https://www.rumah123.com/properti/lombok-barat/hos7496846/,Rp. 750.000.000,"Kediri, Lombok Barat",86,200,3,2,0,0,1,0,4400,SHM,Rumah 3 lantai dan isinya di Perumahan Griya Rumak Asri Kediri R184,"Dijual Rumah 3 lantai type 200/86 M2 dan isinya di Perumahan Griya Rumak Asri Kediri Lokasi : Kediri Lombok barat Luas : 200/86 M2 Harga : Rp. 750,000,000/global Keterangan : Rumah 3 lantai type 200/86 M2 dan isinya di Perumahan Griya Rumak Asri Kediri. Terdiri dari 3 kamar tidur full AC, 2 kamar mandi, 1 kamar mandi atas dengan shower box dan water heater, dapur dengan kitchen set, ruang keluarga, ruang tamu, carport dan gazebo di lantai 3/rooftop. Dengan fasilitas one gate system, security 24 jam, PDAM, listrik 4,400 watt, CCTV 4 titik, lantai 1 dan 2 full granit, lantai 3 full keramik. Terletak di jalur protokoler. Ke Kota Mataram 10 menit, ke bandara 25 menit, ke pelabuhan 25 menit. SHM."
17,4 November 2020,https://www.rumah123.com/properti/lombok-barat/hos7512428/,Rp. 265.000.000,"Lembar, Lombok Barat",73,36,2,1,0,0,0,0,0,SHM,Rumah Anti gempa standar Jepang di Lembar Lombok barat R185,"Rumah Anti gempa standar Jepang di Lembar Lombok barat Lokasi : Lendang Jae Lembar Lombok barat Luas : 36/73 M2 Harga : mulai dari Rp. 265,000,000/unit. Keterangan : Perumahan Ione Home Residence di Lembar Lombok barat. Terdiri dari 2 type rumah yaitu type 36 dan type 45 dengan 2 kamar tidur dan 1 kamar mandi. Pondasi bangunan kualitas standar jepang, lebih kuat dan tahan gempa."
18,8 Januari 2020,https://www.rumah123.com/properti/lombok-barat/hos5867202/,Rp. 1.400.000.000,"Batu Layar, Lombok Barat",216,168,2,2,0,0,0,0,0,SHM,Rumah di Montong,"Rumah di Montong code : 257 Luas tanah 216 m2 Luas bangunan 168 m2 Terdiri dari 2 kamar tidur + 2 kamar mandi Ruang tamu, ruang keluarga, gazebo, dapur. Kolam renang. Kolam ikan Harga Rp 1,4 Milyar"
19,7 Desember 2020,https://www.rumah123.com/properti/lombok-barat/hos7643572/,Rp. 270.000.000,"Batu Layar, Lombok Barat",100,36,2,1,0,0,1,0,1300,SHM,Perumahan Villa Sandik di Batu Layar Lombok barat R188,"Perumahan Villa Sandik di Batu Layar Lombok barat. UNIT PESAN BANGUN!!! Lokasi : Jl. Pariwisata, Sandik Batu Layar Luas standar : 36/100 M2. Harga : mulai dari Rp. 270,000,000 Keterangan : Perumahan Villa Sandik di Batu Layar Lombok barat. Hunian bernuansa villa dengan lingkungan asri dan nyaman. Dengan fasilitas one gate system, PDAM, Listrik 1.300 kwh. Terdiri dari 4 type perumahan. DP minimal 20% sudah bisa dibangunkan unit rumah, dengan proses pembangunan selama 3 bulan."
20,21 Maret 2019,https://www.rumah123.com/properti/lombok-barat/hos4385930/,Rp. 2.450.000.000,"Senggigi, Lombok Barat",478,200,2,2,0,0,1,0,0,SHM,Fantastic Buy - Freehold Beachside Villas @ Sengigi - Lombok - 1675 - P,"Gorgeous beachside villas in a secure complex of 6 independently owned and operated newly built residences, in a fabulous seaside setting just 6 km from Sengigi, on the West coast of Lombok. Each villa features open plan living spaces that can be enclosed, two generously sized en-suite bedrooms, beautifully landscaped tropical gardens and of course a pool. Easily accessible from Bali by fast boat, the area offers untouched natural beauties at Bali prices 20 years ago! Built to international standards to an experienced European developper. Show villa ready for inspection! . Newly built modern villas in a complex of 6, gorgeous beachside setting. Land size from 470 m2 to 874 m2, secure complex of 6 residences. Two bedroom pool villas with open plan living that can be closed off. Two generously sized bedrooms, each with en-suite bathroom. Quality materials finished used by the European developer. Beautifully landscaped gardens, paved access, secure private"
21,9 Desember 2020,https://www.rumah123.com/properti/lombok-barat/hos7650488/,Rp. 460.000.000,"Batu Layar, Lombok Barat",127,120,3,2,0,0,0,1,0,SHM,Rumah di Meninting Garden,"Rumah di Meninting Garden
code : 822
Luas tanah 127 m2
Terdiri dari 3 kamar tidur + 2 kamar mandi
Ruang tamu, ruang keluarga, dapur, garasi.
Harga Rp 460 juta"
22,9 Desember 2020,https://www.rumah123.com/properti/lombok-barat/hos7651596/,"Rp210.000.000,00","Pemenang, Lombok Barat",100,71,1,1,0,0,0,0,0,SHM,Beachfront villa Gili Meno Lombok Nusa Tenggara Barat,"Sebuah resor tepi pantai terletak di lanskap yang subur dan indah di Gili Meno,Lombok.Hanya 5 menit dari Gili Trawangan dan 1,5 jam dari Padang Bai,Bali.

Dibangun dari bahan-bahan alami yang merangkul keindahan alam dalam desainnya,Perpaduan yang sempurna antara kenyamanan modern dengan gaya tradisional.

Esensi tropis pulau begitu tercermin dalam setiap detailnya rona bumi yang menenangkan, lantai kayu, atap jerami dan tata letak yang menangkap cahaya alami dan juga sepoi dari angin laut.

Hanya selangkah dari pasir putih dan air laut yang sebening kristal benar-benar seperti surga di bumi.
Luas tanah : 100 m2
Luas bangunan : 71 m2
Kamar tidur : 1
Kamar mandi : 1
Private pool
Fully furnished
Freehold
Garansi ROI"
23,29 Desember 2020,https://www.rumah123.com/properti/lombok-barat/hos7721554/,"Rp550.000.000,00","Gunung sari, Lombok Barat",150,100,2,2,0,0,0,0,0,SHM,Rumah BTN belencong,"Rumah BTN belencong
code : 899
luas tanah 150m2
Siap utk djadikan lantai 2.
Kmar mndi 2
Kmar tidur 2
Ruang kluarga
Ruang tamu
Include barang2 yg ada d dlamnya
Harga Rp. 550 juta"
24,15 Januari 2021,https://www.rumah123.com/properti/lombok-barat/hos7784578/,"Rp400.000.000,00","Batu Layar, Lombok Barat",122,54,3,2,0,0,0,1,1300,SHM,"Rumah, SHM, Strategis di Jl.Raya Meninting Perumahan Grandvilla Meninting, Blok D/5 Kelurahan Meninting, Kecamatan Batu Layar, Lombok Barat","Rumah eksklusif dengan spesifikasi:
1 Berada di tengah Lombok Barat
2 Aksesibilitas mudah
3 PAM dan Listrik
4. Bangunan kokoh dan layak huni

Yuk buruan dibeli"
25,15 Januari 2021,https://www.rumah123.com/properti/lombok-barat/hos7784624/,"Rp250.000.000,00","Batu Layar, Lombok Barat",114,40,3,2,0,0,0,1,1300,SHM,"Rumah, SHM, Strategis di Perumahan sandik Village Kav 12 Desa Sandik, Kecamatan Batu Layar","Rumah eksklusif dengan spesifikasi:
1 Berada di tengah Lombok Barat
2 Aksesibilitas mudah
3 PAM dan Listrik
4. Bangunan kokoh dan layak huni

Yuk buruan dibeli"
26,31 Januari 2021,https://www.rumah123.com/properti/lombok-barat/hos7852657/,"Rp100.000.000,00","Labuapi, Lombok Barat",70,45,2,1,0,0,0,0,0,SHM,Over kredit Rumah subsidi di Perumahan Lantana Garden Labu Api S045,"Over kredit Rumah subsidi di Perumahan Lantana Garden Labu Api

Lokasi : Terong tawah Labu Api Lombok barat

Luas : 45/70 M2

Harga : Rp. 100,000,000

Keterangan : Over kredit Rumah subsidi di Perumahan Lantana Garden Labu Api Lombok barat. Terdiri dari 2 kamar tidur dan 1 kamar mandi. Rumah sudah direnovasi, dibangun dapur dan di dak. Angsuran Rp. 1,430,000/bulan, sudah berjalan 3 tahun 1 bulan dengan tenor selama 10 tahun."
27,21 Februari 2021,https://www.rumah123.com/properti/lombok-barat/hos7945413/,"Rp370.000.000,00","Batu Layar, Lombok Barat",120,52,2,1,0,0,1,0,1300,SHM,Rumah di Lombok barat di Montong Batu Layar R155,"Dijual Rumah di Lombok barat di Montong Batu Layar

Lokasi : Montong, Batulayar

Luas : type 52/130 M2 dan type 52/120 M2

Harga :

* Type 52/120 M2 Rp. 370.000.000

*Type 52/130 M2 Rp. 380.000.000

Keterangan : Rumah di Lombok barat di Montong Batu Layar. Terdiri dari 2 kamar tidur, 1 kamar mandi, ruang tamu, ruang keluarga, dapur, teras depan, teras belakang, carport. Listrik 1.300 watt, air sumur bor.

Jarak lokasi ke jalan raya +-200 meter, lebar jalan masuk +- 5 meter. Terdiri dari 2 type rumah. Bonus 2 unit tempat tidur ukuran 160 dan kitchen set untuk pembeli pertama. Rumah sudah ready 2 unit."
28,13 Maret 2021,https://www.rumah123.com/properti/lombok-barat/hos8029495/,"Rp2.300.000.000,00","senggigi, Lombok Barat",500,200,4,4,0,0,0,1,0,SHM,Villa di Senggigi Batu Layar dan isinya V033,"Villa Dijual di Senggigi Batu Layar dan isinya

Lokasi : Senggigi Batu Layar Lombok barat

Luas : 200/500 M2

Harga : Rp. 2,300,000,000/global

Keterangan : Villa Dijual di Senggigi Batu Layar dengan view bukit Kerandangan. Terdiri dari 4 kamar tidur, 4 kamar mandi, ruang tamu, ruang keluarga, dapur dengan kitchen set dan mini bar, ruang cuci, garasi dan halaman yg cukup luas.

Bangunan berbentuk L, di bagian rooftop terdapat area untuk Barbeque dengan konsep alam, juga terdapat kolam renang pribadi. Legalitas sudah SHM."
29,13 Maret 2021,https://www.rumah123.com/properti/lombok-barat/hos8030084/,"Rp168.000.000,00","Labuapi, Lombok Barat",75,30,1,1,0,0,0,0,0,SHM,Rumah subsidi Lombok barat Griya Permata armai S046,"Rumah subsidi Lombok barat Griya Permata Armai

Lokasi : Desa Karang Bongkot Perampuan Labu Api

Luas : 30/75 M2

Harga : Rp. 168,000,000

Keterangan : Rumah subsidi Griya Permata armai di Labu Api Lombok barat. Terdiri dari 1 kamar tidur dan 1 kamar mandi. Free Sofa tempat tidur dan kompor gas (setelah realisasi).

Bangunan sudah ready 5 unit, dan masih berjalan proses pembangunan. Akses jalan masuk ke lokasi bisa melalui Perumahan Panorama Alam Perampuan Labu Api. Legalitas sudah SHM."
30,17 Maret 2021,https://www.rumah123.com/properti/lombok-barat/hos8044160/,"Rp750.000.000,00","Batu Layar, Lombok Barat",200,150,4,2,1,0,0,1,0,SHM,Rumah di kompleks green raflesia Meninting,"Rumah di kompleks green raflesia Meninting
code : 911
Luas tanah 200 m2
4 kamar tidur + 2 kamar mandi
Ruang tamu, ruang keluarga, dapur, garasi
1 kamar pembantu
Harga Rp 750 juta"
31,18 Maret 2021,https://www.rumah123.com/properti/lombok-barat/hos8047578/,"Rp650.000.000,00","Gunung Sari, Lombok Barat",200,160,3,2,0,0,0,1,0,SHM,Rumah di Gunung Sari Lombok Barat,"Rumah di Gunung Sari Lombok Barat
code : 915
Luas tanah 200 m2
Luas bangunan 160 m2
3 kamar tidur + 2 kamar mandi
Ruang tamu, ruang keluarga, dapur, garasi
Harga Rp 650 juta"
32,19 Maret 2021,https://www.rumah123.com/properti/lombok-barat/hos8051733/,"Rp257.000.000,00","Batu Layar, Lombok Barat",71,26,2,1,0,0,1,0,0,SHM,Rumah di kompleks Ayodya Meninting,"Rumah di kompleks Ayodya Meninting
code : 918
Luas tanah 71 m2
Luas bangunan 26 m2
2 kamar tidur + 1 kamar mandi
Carport, Garden
Kompleks strategis di pinggir jalan raya Meninting
Listrik, PDAM
SHM
Harga Rp 257 juta"
33,24 Maret 2021,https://www.rumah123.com/properti/lombok-barat/hos8072723/,"Rp230.000.000,00","Batu Layar, Lombok Barat",71,26,2,1,0,0,1,0,900,SHM,Rumah BTN Lombok barat di Perumahan Ayodhya Meninting Batu Layar R161,"Rumah BTN Lombok barat di Perumahan Ayodhya Meninting Batu Layar

Lokasi : Meninting Batu Layar Lombok barat

Luas : 26/71 M2

Harga : Rp. 230,000,000/global

Keterangan :

Rumah BTN Ayodhya Palace Meninting Batu Layar.

- 2 kamar tidur

- 1 kamar mandi

- Dapur

- Carpot

- Garden

- One gate system

- PDAM

- Listrik 900 kwh

- Tembok keliling dan pagar

- Lokasi strategis, dekat ke kawasan wisata Pantai

- ATM

- Mini market

- Pom bensin

- Bebas banjir

- Lebar jalan 6 meter

- Legalitas SHM.

"
34,2 April 2021,https://www.rumah123.com/properti/lombok-barat/hos8114607/,"Rp800.000.000,00","Gunung Sari, Lombok Barat",240,320,3,4,0,0,0,1,0,SHM,Rumah BTN Lombok barat di Perumahan Bumi selaparang Asri Blencong R209,"Rumah BTN Lombok barat di Perumahan Bumi selaparang Asri Blencong
Lokasi : Blencong Gunung sari

Luas : 320/240 M2

Harga : Rp. 800,000,000/global"
35,,https://www.lamudi.co.id/rumah-plus-toko-pinggir-jalan-di-lombok-barat-narmada-r204.html,"Rp850.000.000,00","Keru Narmada, Lombok Barat",294,124,3,2,0,0,0,1,900,SHM,Rumah plus toko pinggir jalan di Lombok barat Narmada,"Lokasi : Desa Golong, Keru Narmada

Luas : 123/294 M2

Harga : Rp. 850,000,000/global

Keterangan :

Rumah plus toko pinggir jalan di Lombok barat Narmada

- Rumah ukuran 4 x 7,5 meter 2 lantai

- 1 kamar tidur di atas, 2 kamar tidur di bawah

- 1 kamar mandi di atas, 1 kamar mandi di bawah

- Ruang tamu

- Dapur

- Garasi

- Toko ukuran 9 x 7 meter

- Kolam ikan ukuran 5 x 11 meter

- Listrik 900 kwh

- Mata air

- Lokasi strategis

- Dekat dengan daerah Wisata Narmada

- Cocok untuk alfamart/indomaret

- Legalitas SHM."
36,,https://www.lamudi.co.id/rumah-2-lantai-di-montong-r048.html,"Rp800.000.000,00","Batu Layar, Lombok Barat",150,150,2,1,0,0,0,0,0,HGB,Rumah 2 Lantai di Montong R048,"Dijual/Disewakan Rumah

Lokasi: Montong, Batu Layar, Lombok Barat

Luas: 150 M²

Harga jual: Rp. 800.000.000/Global

Harga sewa: Rp. 45.000.000/tahun

Keterangan: Rumah 2 lantai di dalam perumahan kawasan wisata, Banyak dihuni bule, 2 Kamar tidur, status Legalitas HGB"
37,,https://www.lamudi.co.id/rumah-di-meninting-regency-1.html,"Rp800.000.000,00",Lombok Barat,154,154,2,2,0,0,0,1,0,-,Rumah di Meninting Regency,"Rumah di Meninting Regency 

code : 839

Luas tanah 154 m2. 

Terdiri dari 2 kamar tidur dan 2 kamar mandi. 

Ruang tamu, ruang keluarga, dapur, garasi. 

Halaman depan dan belakang masih tersedia.

Kompleks perumahan aman dan nyaman one gate  

Share pool di kompleks perumahan. 

Harga Rp 800 Juta (nego)"
38,,https://www.lamudi.co.id/rumah-3-kamar-di-batu-layar-lombok-r033.html,"Rp750.000.000,00",Lombok Barat,120,100,3,2,0,0,0,1,1300,SHM,Rumah 3 kamar di Batu Layar Lombok R033,"Dijual Rumah 3 kamar di Batu Layar Lombok

Lokasi: Montong

Luas: 120 M2

Harga: Rp. 750.000.000

Keterangan: Rumah di dalam perumahan di daerah wisata Montong Batu Layar. Kamar tidur : 3, Kamar mandi : 2, Ruang tamu : 1, Ruang dapur : 1, listrik 1.300, Air PDAM, Legalitas : SHM"
39,1 Desember 2019,https://www.lamudi.co.id/dijual-rumah-baru-dekat-kota-mataram.html,"Rp720.000.000,00",Lombok Barat,200,150,3,2,0,0,0,1,0,SHM,DIJUAL RUMAH BARU DEKAT KOTA MATARAM,"Rumah Komersial Baru sangat dekat dengan Kota Mataram..

Masih Gress Kelar Bangun Desember 2019

Dijual santai karena mau pindah city



ﾾ ﾠ5 menit ke Kota Mataram

ﾾ ﾠLokasi Perumahan Pemprov NTB. Duman, Kec. Lingsar

ﾾ ﾠKualitas bangunan oke banget (cek gambar aja Gan..)

ﾾ ﾠSangat dekat dengan SD, SMP, SMA

ﾾ ﾠLuas Tanah 200 M2

ﾾ ﾠLuas Bangunan 150 M2

ﾾ ﾠLengkap IMB + sertiflkat

ﾾ ﾠHarga 720 jutaan. ﾠ

ﾾ ﾠInfo chat aja Gan.. Adhi"
40,,https://www.lamudi.co.id/rumah-di-praya-barat-grand-batujai-residence-lombok.html,"Rp324.000.000,00","Praya Barat, Lombok Tengah",84,48,2,1,0,0,0,0,0,SHM,RUMAH DI PRAYA BARAT - GRAND BATUJAI RESIDENCE - LOMBOK,"Miliki segera!!!

Hunian strategis dengan harga terjangkau 

Lokasi bypass dekat dari Bandara Internasional Lombok 

Praya Barat - Lombok tengah 



PROMO HARGA TERMURAH ""GRAND BATUJAI RESIDENCE""

HARGA MULAI 320 JUTA-AN

Tersedia type 48/84 dan type 60/113



Keunggulan: 

-Dekat dari Bandara International Lombok yang merupakan pintu masuk 

bagi wisatawan yang berkunjung ke Lombok

-Adanya sirkuit GP di daerah Lombok Tengah yang diprediksi adanya peningkatan 

harga hunian

-Harga terjangkau yang merupakan harga promosi awal tahun

-Bangunan baru dan paten dengan design minimalis modern 

-Lokasi mudah dijangkau dimana kompleks perumahan berada di pinggir jalan bypass Bandara

-Keamanan terjamin dengan security 24 jam dan satu pintu masuk (one gate system)

-Dekat dari kawasan wisata Bendungan Batujai yang ramai dikunjungi wisatawan lokal



Segera hubungi Kantor Pemasaran

Kompleks Pertokoan/ Ruko Batujai Square

Jl. Bypass BIL Batujai - Lombok Tengah"
42,,https://www.lamudi.co.id/rumah-murah-di-perumahan-pesona-gerunung-asri-praya-r174.html,"Rp141.800.000,00","Praya, Lombok Tengah",100,24,1,1,0,0,0,1,0,SHM,Rumah murah di Perumahan Pesona Gerunung Asri Praya R174,"Perumahan Pesona Gerunung Asri Praya Lombok tengah. Terdiri dari 1 kamar tidur dan 1 kamar mandi. Lokasi strategis, terletak sekitar 5 menit dari kota Praya, dekat dengan fasilitas sekolah, pesantren dan rumah sakit, bebas banjir. Sistem pembayaran dengan cash, cash bertahap dan KPR."
43,,https://www.lamudi.co.id/dijual-rumah-plus-kos-2-kamar-di-kuta-lombok-tengah-r199.html,"Rp650.000.000,00","Kuta, Lombok Tengah",200,175,4,3,0,0,0,1,0,SHM,Dijual Rumah plus kos 2 kamar di Kuta Lombok Tengah R199,"Rumah plus kos 2 kamar di Kuta Lombok tengah. Rumah terdiri dari 2 kamar tidur, 1 kamar mandi, ruang tamu, ruang keluarga, ruang makan, dapur, garasi dan kios. Kos terdiri dari kamar tidur, kamar mandi, dapur dan teras. Lokasi strategis, terletak di pinggir jalan. Kondisi bangunan baik dan siap huni. SHM."
44,,https://www.lamudi.co.id/rumah-di-puyung-dekat-kantor-bupati-baru.html,"Rp430.000.000,00","Jonggat, Lombok Tengah",200,80,2,1,0,0,0,1,0,-,Rumah di Puyung dekat Kantor Bupati Baru,"Rumah di Puyung dekat Kantor Bupati baru, code:46 Luas tanah 200 m2, bangunan 80 m2. Terdiri 2 kamar tidur, kamar mandi, ruang tamu, ruang keluarga, dapur. Halaman masih luas, harga Rp430 juta."
45,,https://www.lamudi.co.id/rumah-subsidi-di-pinggir-jalan-utama-jelantik-s020.html,"Rp158.000.000,00","Jl.Raya Jelantik, Lombok Tengah ",100,30,2,1,0,0,0,1,0,SHM,Rumah subsidi di pinggir jalan utama jelantik S020,"Lokasi: Jelantik, Jonggat, Kabupaten Lombok Tengah, Nusa Tenggara Barat. Luas: 30/100 m2 dan 36/100 m2. Harga RP.158.000.000/global. Promo subsidi angsuran 499rb selama 6 bulan pertama, free interior design, dp mulai dari 1% biaya diluar akad ditanggung konsumen. Promo Dp 4jt sudah free semua biaya. "
46,,https://www.lamudi.co.id/rumah-subsidi-batujai-s011.html,"Rp158.000.000,00","Batujai Praya Barat, Lombok Tengah",72,30,2,1,0,0,0,1,0,SHM,Rumah subsidi batujai S011,"Rumah subsidi Amaris Victory, lokasi; Batujai, Lombok Tengah, luas; 30/72 m2. Harga Rp.158 juta/semuanya. Rumah bersubsidi dengan 2 kamar dan gerbang masuk terletak di Jl Bypass BIL."
47,,https://www.lamudi.co.id/villa-murah-lombok-villa-1-bedroom-standard-villa.html,"Rp1.595.000.000,00","Selong belanak, Lombok Tengah",200,81,1,1,0,0,0,10,0,SHM,Villa murah lombok/ villa 1 bedroom standard villa,"Rumah villa dengan luas tanah;200 m2, luas bangunan; 81,5 m2. Harga 1.5 M. Harga mulai berlaku sampai dengan 31 Desember 2020"
48,,https://www.lamudi.co.id/perumahan-green-view-lingsar-r063.html,"Rp275.000.000,00","Lingsar Narmada, Lombok Barat",90,36,2,1,0,0,0,1,0,SHM,Perumahan Green View Lingsar,Perumahan komersil dengan konsep elegan di kawasan yang asri dengan jarak 5 menit dari pusat kota.
49,,https://www.lamudi.co.id/rumah-lantai-2-dekat-pom-bensin-gerimax.html,"Rp700.000.000,00","Narmada, Lombok Barat",300,275,4,3,0,0,0,1,0,SHM,Rumah Lantai 2 dekat dengan pom bensin Gerimax,"Rumah dengan lokasi nyaman dan asri, harga Rp 700 juta nego!"
50,,https://www.lamudi.co.id/rumah-pinggir-jalan-di-pringgarata-lombok-tengah-r163.html,"Rp600.000.000,00","Jl.Raya Pemepek, Lombok Tengah ",261,135,3,1,0,0,0,1,0,SHM,Rumah pinggir jalan di Pringgarata Lombok Tengah R163,"Rumah type 135/261 M2 pinggir jalan di Pringgarata Lombok tengah. Terdiri dari 3 kamar tidur, 1 kamar mandi, Ruang tamu, ruang keluarga, dapur, kios dan kebun pisang di halaman belakang. SHM."
51,,https://www.lamudi.co.id/rumah-type-42-200-m2-di-central-kuta-lombok-tengah-r177.html,"Rp500.000.000,00","Kuta Mandalika, Lombok Tengah",200,42,2,1,0,0,0,1,0,SHM,Rumah type 42/200 m2 di Central Kuta Lombok Tengah R177,Rumah type 42/200 di Central Kuta Mandalika Lombok tengah. Terdiri dari 2 kamar tidur dan 1 kamar mandi. Akses jalan rabat beton. Dengan fasilitas Listrik dan air sumur. SHM.
52,,https://www.lamudi.co.id/rumah-subsidi-di-selong-lombok-timur-s022.html,"Rp158.000.000,00","Jl.CiptoMangunkusumo, Lombok Timur",84,30,2,1,0,0,0,1,0,SHM,Rumah subsidi di Selong Lombok Timur S022,"Perumahan bersubsidi dengan kualitas bangunan yang terjamin, elegan dan berkualitas"
53,,https://www.lamudi.co.id/rumah-pinggir-jalan-utama-di-selong-lombok-timur-r149.html,"Rp1.500.000.000,00","Jl. Pejanggik, Lombok Timur",375,200,7,4,0,0,0,2,0,SHM,Rumah pinggir jalan utama di Selong Lombok Timur R149,"Rumah pinggir jalan di Selong Lombok timur. Terletak dipinggir jalan utama, sangat dekat dengan RS Sentra Medika, Alfamart dan Masjid."
54,,https://www.lamudi.co.id/rumah-subsidi-bumi-selaparang-damai-selong-lombok-timur-s036.html,"Rp158.000.000,00",Jl. Dr.CiptoMangunkusumoLombok Timur,90,27,2,1,0,0,0,1,0,SHM,Rumah subsidi di Bumi Selaparang Damai Selong Lombok Timur S036,Terdiri dari 2 kamar tidur dan 1 kamar mandi. Bangunan tidak couple. Lokasi strategis hanya 1 menit dari Kantor Bupati Lombok timur. SHM.
55,18 Mei 2020,https://www.rumah123.com/properti/lombok-utara/hos6575223/,"Rp2.100.000.000,00","Gili Meno, Lombok Utara",100,71,1,1,0,0,0,0,0,SHM,Rumah dijual 1 kamar hos6575223,"Terletak di Pulau Gili Meno yang menakjubkan memiliki kolam renang pribadi , taman. Dekat dengan pantai pasir putih yang mempesona."
56,20 November 2020,https://www.rumah123.com/properti/lombok-timur/hos7578624/,"Rp75.000.000,00","Sambelia, Lombok Timur ",25,14,1,1,0,0,0,1,900,SHM,Rumah dijual 1 kamar hos7578624 ,"Bungalow traditional cantik, lengkap dengan kamar mandi dalam, di pinggir pantai."
57,12 Maret 2021,https://www.rumah123.com/properti/lombok-tengah/hos8025117/,"Rp750.000.000,00","Pujut, Lombok Tengah",219,90,3,2,0,0,0,1,0,SHM ,Rumah murah di Lombok dekat dengan bandara lokasi sangat nyaman dan tenang,"Rumah dijual di Lombok Tengah lokasi dekat dengan bandara, lingkungan perumahan, akses jalan 6 meter, lokasi sangat nyaman dan tenang. "
58,19 Februari 2021,https://www.rumah123.com/properti/lombok-tengah/hos7936256/,"Rp324.000.000,00","Praya Barat, Lombok Tengah",84,48,2,1,0,0,0,1,0,SHM,Rumah di Grand Batujai Residence- Bypass Bandara Internasional Lombok-Praya Barat,"Harga mulai Rp 320 jutaan, hunian strategis dan harga terjangkau lokasi dekat dari Bandara Internasional Lombok Praya Barat- Lombok Tengah"
59,1 Februari 2021,https://www.rumah123.com/properti/lombok-tengah/hos7856467/,"Rp1.000.000.000,00","Praya, Lombok Tengah",550,168,3,2,0,0,0,1,1300,SHM,Rumah murah dalam kota Praya,"Lokasi di tengah kota, akses ke pasum sangat dekat dan akses ke jalan hanya beberapa puluh meter."
60,30 Juli 2020,https://www.rumah123.com/properti/lombok-tengah/hos6608691/,"Rp1.550.000.000,00","Pujut, Lombok Tengah",190,175,2,2,0,0,0,1,3500,SHM,Villa di depan moto gp Lombok,"Lokasi terletak di Jalan Pariwisata Kuta, dekat dengan sirkuit moto gp Lombok, strategis nyaman."
61,3 April 2021,https://www.lamudi.co.id/villa-baru-dan-modern-lokasi-hanya-100-meter-dari-pantai-stangi.html,Rp2.800.000.000,Lombok Utara,638,200,2,2,0,0,0,0,7700,SHM,Villa baru dan modern lokasi hanya 100 meter dari pantai Stangi,"Villa baru dan modern lokasi hanya 100 meter dari pantai Stangi

Luas tanah 638 m2

Terdiri dari 2 kamar tidur + 2 kamar mandi

Ruang tamu/ ruang makan ukuran 70 m2. 

Kolam renang ukuran 7.5 x 3.5 meter 

Dapur style western 

Listrik 7.7 KW

Sertifikat Hak Milik

IMB 

Harga Rp 2.800.000.000"
62,10 April 2021,https://www.lamudi.co.id/dijual-villa-dengan-1-kamar-tidur-lokasi-di-gili-trawangan-lombok-fhv088.html,Rp1.400.000.000,Lombok Tengah,46,46,1,1,0,0,0,1,0,SHM,"DIJUAL VILLA DENGAN 1 KAMAR TIDUR LOKASI DI GILI TRAWANGAN, LOMBOK (FHV088)","Terletak di Gili Trawangan - Lombok, villa baru ini tersedia untuk Hak Milik. Suite laguna adalah kamar studio tipe 1 kamar tidur, dengan total 64 kamar. Dirancang dengan indah dan bahan mewah membuat villa ini menjadi tempat tinggal yang menyenangkan dan juga properti investasi yang bagus.
- Suite laguna dengan kamar mandi dalam
- Ukuran kamar 46,5 meter persegi
- Teras berperabotan lengkap dan pribadi
- Fasilitas resort gratis: kelas yoga, pusat kebugaran, klub anak-anak, transportasi perahu dari atau ke Pelabuhan Senggigi Lombok
- Dikelola oleh manajemen profesional dan penggunaan gratis pemilik 28 hari"
63,17 Maret 2021,https://www.lamudi.co.id/rumah-di-btn-kekeri.html,Rp575.000.000,Lombok Barat,120,54,3,1,0,0,0,1,0,-,Rumah di BTN Kekeri,"Rumah di BTN Kekeri 

code : 877

Luas tanah 120 m2 

Terdiri dari 3 kamar tidur, 1 kamar mandi 

Ruang tamu, ruang keluarga, dapur, garasi. 

Harga Rp 575 Juta"
64,17 Maret 2021,https://www.lamudi.co.id/perumahan-lingkar-muslim-asri-lokasi-di-bajur.html,Rp450.000.000,"Labuapi, Lombok Barat",160,45,2,1,0,0,0,1,0,-,Perumahan Lingkar Muslim Asri lokasi di Bajur,"Perumahan Lingkar Muslim Asri lokasi di Bajur

code : 894

luas tanah 160 m2 

tipe 45 

lokasi strategis 

lingkungan aman dan nyaman karena satpam 24 jam , 

one gate /satu jalan keluar masuk komplek

posisi rumah paling pinggir ada kelebihan tanah , 

fasilitas 2 kamar tidur, km mandi, ruang tamu, dapur, garasi, 

berugak, PDAM 

dekat masjid, sekolah/kampus  

lapangan pagutan kr.genteng, ponpes, dekat jalur lingkar selatan.

Harga Rp. 450 juta"
65,17 Maret 2021,https://www.lamudi.co.id/rumah-di-bsa-rembiga-blencong.html,Rp500.000.000,Lombok Barat,100,100,3,2,0,0,0,1,1300,SHM,Rumah di BSA Rembiga Blencong,"Rumah di BSA Rembiga Blencong 

code : 860

Luas tanah 100 m2

Full bangunan 

Terdiri dari 3 kamar tidur + 2 kamar mandi 

ruang tamu, ruang keluarga, garasi, dapur. 

Tempat jemur diatas

SHM

Listrik 1300 VA 

Air PDAM 

Harga Rp 500 Juta (nego) "
66,17 Maret 2021,https://www.lamudi.co.id/villa-dekat-panyawangan-resto-batu-layar.html,Rp1.900.000.000,"Batu Layar, Lombok Barat",1400,300,3,2,0,0,0,0,0,-,Villa dekat Panyawangan Resto Batu Layar,"Villa dekat Panyawangan Resto Batu Layar

code : 269

Luas tanah 1.400 m2 

Luas bangunan 300 m2  

Bangunan lantai 2

Terdiri dari  3 kamar tidur + 2 kamar mandi 

Ruang tamu, ruang keluarga, dapur. 

Halaman masih luas untuk dikembangkan 

Dekat dari Panyawangan Resto 

Bisa dijadikan penginapan atau restaurant.  

View 360 derajat, view kota dan view laut. 

Harga Rp 1,9 Milyar"
67,10 April 2021,https://www.lamudi.co.id/over-kredit-rumah-btn-lingkar-asri-labu-api-lombok-barat-r124.html,Rp145.000.000,"Labuapi, Lombok Barat",84,21,2,1,0,0,0,0,0,SHM,Over kredit Rumah BTN Lingkar Asri Labu Api Lombok barat R124,"Over kredit Rumah BTN Lingkar Asri Labu Api Lombok barat

Lokasi : Jl. Durian, Terong tawah Labu Api Lombok barat 

Luas : Bangunan 21 M2 / Tanah 84 M2

Harga : Rp. 145.000.000

Keterangan : Terdiri dari 2 kamar tidur dan 1 kamar mandi. Bangunan sudah dikembangkan dibagian belakang. Tenor 15 tahun, sudah berjalan selama 7 tahun 8 bulan dengan angsuran Rp. 1.079.000/bulan. SHM."
68,12 April 2021,https://www.lamudi.co.id/rumah-subsidi-lombok-barat-termurah-dan-terluas-s013-1.html,Rp132.000.000,"Taman Ayu, Gerung, Lombok Barat",90,30,2,1,0,0,0,0,0,-,Rumah subsidi Lombok Barat Termurah dan Terluas S013,"Satu-satunya Rumah subsidi Lombok Barat Termurah dan Terluas!

Lokasi: Taman Ayu, Gerung, Lombok Barat

Luas: 25/90 M2 dan 30/90 M2

Harga: Rp. 120.000.000/tipe 25 & Rp. 132.000.000/tipe 30

Keterangan: Rumah Subsidi di Lombok barat yang termurah dan terluas ini terletak di Perumahan Taman Ayu Gerung, Lombok Barat, jalur menuju pantai Induk. Dengah total 123 unit rumah yang ready unit. Karena perumahan ini adalah salah satu perumahan subsidi pertama di Lombok, maka Anda akan mendapatkan perumahan yang sudah penuh penghuni di lingkungan yang aman dan nyaman.

Perkiraan biaya2 yang timbul mulai booking hingga terima kunci (catatan dengan DP 1%) minimal 12.000.000.Tidak termasuk Kelebihan tanah, S & K berlaku.

Karena SMS hampir tidak pernah dibuka, lebih bijak jika menghubungi kami via WA/telp agar segera direspon.

Untuk Informasi rumah Subsidi kami akan membalas pesan Anda pada pukul 17.00-20.00 WITA"
69,12 April 2021,https://www.lamudi.co.id/jual-rumah-kos-di-lembar-r030-1.html,Rp225.000.000,"Jembatan Kembar, Lombok Barat",270,100,4,4,0,0,0,0,0,SHM,Jual Rumah Kos Di Lembar R030,"Dijual rumah kosﾠ

Lokasi : Desa Jembatan Kembar, Lembar, Lombok Barat

Luas tanah : 2,7 are

Luas bangunan : 1 are

Harga: Rp. 225.000.000 Nett/global

Keterangan: sertifikat hak milik, 4 kamar dengan kamar mandi dalam, listrik di setiap kamar, pdam, sudah ada yg menyewa 3 kamar, Lokasi 500 meter dari sman 1 lembar."
70,10 April 2021,https://www.lamudi.co.id/villa-di-meninting.html,Rp1.400.000.000,"Meninting, Batu Layar, Lombok Barat",268,400,3,2,0,0,0,0,0,SHM,Villa di Meninting,"Villa di Meninting 

code : 278

Luas tanah :   268 m2

Luas bangunan :  400 m2  

bertingkat 2.

3 kamar tidur dengan AC

2 kamar mandi shower air panas dan dingin

Kitchen lengkap

Fully furnished

Kolam renang dilantai 2.

SERTIFIKAT  HAK  MILIK

Harga : 1,4 Milyar rupiah"
71,23 Maret 2021,https://www.rumah123.com/properti/lombok-barat/hos8069652/,Rp. 3.500.000.000,"Senggigi, Lombok Barat",2900,172,4,2,0,0,0,0,0,SHM,Villa di Senggigi Lombok barat dengan lahan luas V032,"Villa Dijual di Senggigi Lombok barat dengan lahan luas

Lokasi : Mangsit, Senggigi Batu Layar

Luas : 172/2,900 M2

Harga : Rp. 3,500,000,000/global

Keterangan : Villa di Senggigi Batu Layar Lombok barat. Terdiri dari 2 bangunan villa, bangunan pertama 2 lantai ukuran 8x17 meter, dengan 2 kamar tidur bawah, 1 kamar tidur atas, kamar mandi, kamar tamu, bar, dapur dan teras.

Bangunan kedua ukuran 6x6 meter dengan 1 kamar tidur, 1 kamar mandi dan teras. Juga terdapat 1 kolam renang. Dijual dengan isinya sesuai standar Villa.

Lokasi terletak di salah satu daerah pariwisata di kawasan Senggigi. Legalitas sudah SHM dan juga dilengkapi dengan perizinan operasional usaha penginapan."
72,14 Februari 2021,https://www.rumah123.com/properti/semarang/hos7911973/,Rp. 3.000.000.000,"Ngesrep, Semarang",429,250,6,3,0,0,3,2,2200,SHM,Rumah MURAH luas lebar Lokasi Ngesrep belakang lombok ijo Semarang,"Dijual Rumah MURAH luas lebar
Lokasi Ngesrep belakang lombok ijo Semarang

Bangunan kuat kokoh tinggal ngecat aja..
Lt. 429m
Lb. 250m
Kt. 6 // km. 3
Listrik 2200
Masih ada sisa tanah depan dan belakang
Carpot bisa 3 mobil
Garasi bisa 2 mobil
Lebar 20m an

Harga 3.5M TURUN 3M

WA RiaGendis
081329536277"
73,9 Januari 2021,https://www.rumah123.com/properti/lombok-tengah/hos7762890/,Rp. 3.000.000.000,"Pujut, Lombok Tengah",1160,376,11,11,0,0,1,0,0,SHM,Homestay dan isinya di Central Kuta Lombok tengah Lokasi H015,"Dijual Homestay dan isinya di Central Kuta Lombok tengah

Lokasi : Kuta Lombok tengah

Luas : 376/1,160 M2

Harga : Rp. 3,000,000,000/global

Keterangan : Homestay dan isinya di Central Kuta Lombok tengah. Terdiri dari 9 unit bungalow dengan 1 kamar tidur dan 1 kamar mandi, ukuran masing-masing 4x4 meter, 1 lokal Restoran plus 2 kamar tidur dan 2 kamar mandi dengan ukuran 24x8 meter. Juga terdapat kolam renang ditengah bangunan dengan ukuran 4x10 meter.

Lokasi nyaman dan asri, dekat dengan Taman wisata alam, kondisi semua bangunan masih sangat baik. Dilengkapi dengan IMB dan SHM."
74,7 Desember 2020,https://www.rumah123.com/properti/lombok-tengah/hos7645254/,Rp. 3.900.000.000,"Pujut, Lombok Tengah",1011,220,2,2,0,0,1,0,5500,SHM,villa kuta - LOMBOK,"Villa berlokasi di kuta lombok, dengan luas bangunan 220m2 dan luas tanah 1011m2.
berada di lokasi yang sangat strategis di atas bukit dengan view menghadap sirkuit dan view pantai tanjung ann.
deekat dengan semua fasilitas yang ada.
sangat cocok untuk investasi jangka panjang anda.
fasilitas lengkap seperti kolam renang,parkir kitchen set dan lain lain."
75,25 November 2020,https://www.rumah123.com/properti/lombok-utara/hos7599561/,Rp. 3.547.000.000,"Gili Trawangan, Lombok Utara",400,250,5,4,0,0,0,0,2200,SHM,VILLA GILI TRAWANGAN BISA BARTER TANAH BEDUGUL,"Villa Dijual Lombok Utara gili trawangan

tanah 4 are

5 bedroom

pool 12 x 3

genzet 22 kva mitsubishi

harga usd 250.000"
76,10 Juni 2020,https://www.rumah123.com/properti/lombok-tengah/hos6677704/,Rp. 3.494.000.000,"Pujut, Lombok Tengah",700,600,3,4,0,0,1,0,0,HGB,Villa in central Kuta Lombok,"Completed in 2019, 3-bedroom villa on 600 sqm (with additional 700 sqm of common areas, security and parking). Bali quality finish, large lap pool, marble kitchen island, open living area, available freehold or HGB."
77,21 April 2020,https://www.rumah123.com/properti/lombok-barat/hos6461523/,Rp. 4.000.000.000,"Senggigi, Lombok Barat",2400,400,3,3,0,0,0,0,3500,SHM,Villa 4 kamar senggigi lombok (Sgt),"Di jual vila 4 kamar senggigi lombok barat
furnished"
78,22 Februari 2021,https://www.rumah123.com/properti/lombok-tengah/hos7950254/,Rp. 4.500.000.000,"Pujut, Lombok Tengah",323,240,6,6,0,0,0,0,0,SHM,Villa di Selong belanak Lombok tengah V031,"Dijual Villa di Selong belanak Lombok tengah

Lokasi : Selong belanak Lombok tengah

Luas : 240/323 M2

Harga : Rp 4,500,000,000/global

Keterangan : Terdiri dari 6 kamar tidur dengan kamar mandi dalam. Dijual full furnished dengan standar Villa. Juga terdapat kolam renang.

Lokasi strategis, terletak dipinggir jalan, dan merupakan salah satu kawasan pariwisata di Lombok tengah. Legalitas sudah SHM."
79,21 Februari 2021,https://www.rumah123.com/properti/lombok-barat/hos7945509/,Rp. 2.300.000.000,"Lingsar, Lombok Barat",400,350,7,3,0,0,0,0,0,SHM,Rumah di Lombok barat 2 lantai type 350/400 M2 di Lingsar R201,"Dijual Rumah di Lombok barat 2 lantai type 350/400 M2 di Lingsar R201

Free AC Water Heater

Lokasi : Jl. Baru mekar Peteluan indah Lingsar

Luas : 350/400 M2

Harga : Rp. 2,300,000,000/global

Keterangan : Rumah 2 lantai type 350/400 M2 di Lingsar Lombok barat. Terdiri dari 7 kamar tidur, 3 kamar mandi, ruang makan, ruang tamu, dapur, mushola.

Lokasi nyaman dan asri, terdapat beberapa tanaman pohon seperti pohon mangga, manggis, kelengkeng dll. Dekat ke Rumah Sakit Harapan Keluarga. SHM."
80,28 Januari 2021,https://www.rumah123.com/properti/lombok-barat/hos7842192/,Rp. 4.500.000.000,"Senggigi, Lombok Barat",585,500,3,3,0,0,0,0,11000,HGB,MILIKI VILLA DI TAMAN ALAS KERANDANGAN SENGIGI MATARAM,"Villa Dijual Lombok Barat DIJUAL VILLA MODERN VIEW PEGUNUNGAN :



FASILITAS



2 BR 180 x 200

1 BR 160 x 100

All room types with air con, hot shower, TV

2 bathroom with bath tub &

hair dryer

1 bathroom no bath tub

Private swimming pool

Private Gym

Kitchen all furnished

(oven, microwave, mineral water, etc)"
81,21 November 2020,https://www.rumah123.com/properti/lombok-barat/hos7585833/,Rp. 4.600.000.000,"Senggigi, Lombok Barat",500,40,6,6,0,0,0,0,2200,SHM,Bungalow Freehold Senggigi Lombok Barat,"Luas tanah 500m Luas bangunan bungalow 40m Luas bangunan Receptionis 84m SHM : Prika Agus Fandri IMB 2016 Surat Oprasional : iya Surat Ijin Usaha : iya Tahun bangunan : 2016 Kamar tidur 6 Kamar mandi 6 Listrik pls 2200 (untuk 2 kamar) Air Sumur Bungalow hadap Barat Reception/Loby/Bar hadap selatan dan utara Fasilitas tambahan * Bangunan resepsion 6x7, bangunan 3 lantai (lantai 2, 1 kamar staf, 1 musholla, 1 kamar standar untuk disewakan) Kamar standar ukuran 4x5 * Rooftop di lantai 3 bangunan resepsionis, hill view dan sea view * Mini Bar * Kolam renang 4x7 kedalaman 1.5m * Rooftop hill view dan sea view * Parkir motor * Harga jual 4.600.000.000 * Fully Furnished Jl. Dusun Mangsit"
82,7 Maret 2020,https://www.rumah123.com/properti/lombok-barat/hos6256923/,Rp. 4.500.000.000,"Senggigi, Lombok Barat",600,232,3,3,0,0,0,0,5500,SHM,Villa View Gunung Agung dan Laut Siap Penghasil Dollar,Villa Dijual Lombok Barat DIJUAL VILLA MENAWAN LOKASI WISATA SENGGIGI TERKENAL DI NTB VIEW LAUT DAN GUNUNG AGUNG PULAU BALI DAN POSISI VILLA DI DATARAN TINGGI LUAS MATA MEMANDANG AKSES JALAN MASUK ASPAL DAN NYAMAN SIAP DIPASARKAN KRN OWNER MAU PULANG KAMPUNG KE AMERIKA...INFO LENGKAP HARTONO BAMS
83,6 Maret 2020,https://www.rumah123.com/properti/mataram/hos6252520/,Rp. 4.500.000.000,"Mataram Kota, Mataram",650,500,12,12,0,0,0,0,0,SHM,City Hotel Mataram - Lombok - NTB,"City hotel Mataram - Lombok – NTB code : 266 Luas tanah 650 m2 Terdiri dari 12 kamar tidur Lokasi dekat dari jalan Pejanggik Harga Rp 4,5 Milyar"
84,3 Januari 2020,https://www.rumah123.com/properti/lombok-barat/hos5843811/,Rp. 4.500.000.000,"Senggigi, Lombok Barat",725,305,4,3,0,0,0,1,0,SHM,House / villa with Italian style in Bukit Tohano Kerandangan near Senggigi,"This beautiful modern villa of Italian inspiration is located in the Kerandangan Valley, 1,5 km inland from Senggigi's main road, in the exclusive Bukit Tohano Development, near the Forest Reserve, 52 m above sea level. The ground floor of the villa is on split levels. The staircase, designed by an Italian architect, is unique in Lombok. The sale of a house of this type, which only happens once in a while, is good for investment, for moving away from polluted and crowded areas, for retirement, for holiday and for nature's lovers. Architect designed and built in 2018, the house has no structural timber. Specifications: Land area: 725 m2 House area: 305 m2 Certificate: Freehold Title Price: IDR 4,5 Million Details: 4 large fully furnished bedrooms 3 modern fully tiled bathrooms Kitchen 32 m2 (extensive stainless steel covering in kitchen and laundry) Enclosed garage 24 m2 with working bench Architect designed steel staircase Fire and termites proof construction Roof rainwater collected 8 CCTV 4 cars parkings"
85,7 April 2021,https://www.rumah123.com/properti/lombok-barat/hos8135420/,Rp. 6.800.000.000,"Pemenang, Lombok Barat",150,135,1,2,0,0,0,1,4400,SHM,Villa Gilitrawang type 135 Lombok NTB,"Punya hunian di depan pantai ? Siapa yang gak mau sih ? Sudah investasinya aman, harga sudah include furniture, bisa di sewakan, dapat passive income per tahun, cepat kembali modal , bisa jalan jalan gratis kemanapun di dunia? 25% DISKON untuk Makanan & Minuman, Pemesanan Cocana Resorts (Termasuk Cocana Nusa Dua) selama 5 tahun Kelas Yoga & meditasi gratis Akses gratis ke pusat kebugaran berteknologi tinggi Akses gratis ke Cocana Kids Club Transfer perahu gratis ke & dari Senggigi Semua penawaran dan ketentuan 100% dapat dialihkan Keanggotaan Koleksi Registri * Unit Lengkap, Terbatas *"
86,2 April 2021,https://www.rumah123.com/properti/karangasem/hos8114492/,Rp. 9.660.000.000,"Candi Dasa, Karangasem",858,450,4,4,0,0,0,1,5500,SHM,Absolute modern Villa in Candidasa Karangasem,"Absolute Beachfront Moder Villa in East Coast Contemporary and clean and bathed in white, the gorgeous, this four-bedroom has a simply stunning location on the waters edge, blessed with picture-perfect ocean views looking out over the Lombok Strait to the neighbouring islands of Nusa Penida and Lembongan. The villa is located in central of Candidasa Village and only 1hour 30 minutes drive from International Airport. It is easy access to restaurants, shops, warung and facilities in the area. land size 858 sqm Building size around 450 sqm 4 bedrooms each (with shower and bathtub) bathroom Living and dining area Big Staff office Pool and jacuzzi Very nice garden Direct private access to the Ocean Parking 2 entrances : staff and main Freehold Furnished codrst Price USD690,000 nego $1= Rp.14.000 =Rp. 9.660M"
87,1 April 2021,https://www.rumah123.com/properti/lombok-utara/hos8111412/,Rp. 6.800.000.000,"Gili Trawangan, Lombok Utara",300,178,2,2,0,0,0,0,2200,"PPJB, Girk, Adat, dll",2 BEDROOMS BEACHFRONT VILLA AT GILI TRAWANGAN NTB,VILLA jual dijual Jalan Pantai Gili Trawangan 2 Bedrooms Beachfront Villa at Gili Trawangan NTB LOMBOK UTARA GILI TRAWANGAN
88,1 Maret 2021,https://www.rumah123.com/properti/lombok-barat/hos7977597/,Rp. 10.000.000.000,"Batu Layar, Lombok Barat",3400,600,4,4,0,0,0,1,0,SHM,Villa pinggir pantai Montong dengan kolam renang pribadi - Lombok Barat,"Villa pinggir pantai Montong dengan kolam renang pribadi - Lombok Barat View pantai dan sunset Luas tanah 3.400 m2 Luas bangunan 600 m2 4 kamar tidur 4 kamar mandi Kolam renang ukuran 4 x 17 meter Pool Lounge Dining room, gymroom, audioroom Kitchenette AC, wi-fi BBQ set Halaman depan dan belakang masih luas untuk dikembangkan Harga Rp. 10 Milyar"
89,26 Februari 2021,https://www.rumah123.com/properti/lombok-barat/hos7966104/,Rp. 6.000.000.000,"Pemenang, Lombok Barat",600,600,5,6,0,0,0,0,11000,HGB,Gili Exotic Villa. Villa Gili Trawangan,"Villa Dijual Lombok Barat Gili Exotic Villas. Villa Gili Trawangan berada di dusun Gili Trawangan, kecamatan Pemenang, Lombok Utara, NTB. Villa yang super lux istimewa, dengan fasilitas swimmingpool, dining room, main kitchen, full AC setiap ruangan, jogging track, dekat wisata pantai yg exotic tujuan para wisatawan. Sebelum ada pandemi dulu villa ini biasa disewa Cucu P Soeharto Presiden, anak Bambang dan. Maia Estanty bersama anak2 dan suaminya juga wisatawan asing. Mereka ke Gili Trawangan karena wisata/ snowkling terumbu karang nya bagus di sana, honeymoon, dan alam yang indah dan alami."
90,9 November 2020,https://www.rumah123.com/properti/lombok-barat/hos7533358/,Rp. 7.000.000.000,"Senggigi, Lombok Barat",2200,500,6,3,0,0,0,0,7600,SHM,RUMAH MEWAH DAN NYAMAN PERPADUAN 2 UNSUR KEBUDAYAAN DI LOMBOK BARAT.,"Rumah Dijual Lombok Barat ADA KOLAM RENANG 500M2, 2 GAZEBO, CARPORT. DEKAT JALAN RAYA SENGGIGI, -/+ 10 MENIT K SENGGIGI DAN MATARAM MALL."
91,20 September 2020,https://www.rumah123.com/properti/lombok-tengah/hos7333828/,Rp. 8.000.000.000,"Pujut, Lombok Tengah",2000,500,4,4,0,0,0,0,5500,SHM,Villa Luas Terawat S&#39; Pool Kuta Pujut Lombok Tengah NTB,"Dijual vila lux luas sangat terawat furnished di Kuta Lombok Tengah. Lokasi dekat Kies Villa Kuta Lombok. Lingkungan villa dan cafe.

LT 2.000
LB 500
KT 4
Km 4
Kitchen set by Metric
Furnished
Kolam renang
SHM
Harga Rp 8 M nego

selling point'

Dekat Kies Villa Lombok
Dekat Villa - Villa prestisius dan Cafe
View Bagus
Best Investment

info Hub
Yuni Dyaz WA 089647528786
Hp"
92,24 Juli 2020,https://www.rumah123.com/properti/lombok-utara/hos7006999/,Rp. 8.500.000.000,"Gili Air, Lombok Utara",650,532,5,4,0,1,0,0,0,SHM,"PROFIT FANTASTIS!! Villa Komplek di Gili, Lombok, 350 mtr ke Pantai","Terletak hanya 350 meter dari Pantai dan dekat dengan beberapa restoran, cafe dan toko.

Resort ini memiliki tanah SHM seluas 650 m2 yang terdiri dari 3 x villa tipe 1 kamar yang dilengkapi dengan kamar tidur, kamar mandi, dan teras menghadap kolam renang pribadi, dan 1 x villa tipe 2 kamar yang dilengkapi dengan 2 kamar tidur, kamar mandi, dapur, ruang tamu/ ruang makan, kolam renang pribadi dan tempat berjemur.

Resort ini juga menyediakan reception, kamar staff kamar mandi, dapur, ruang laundry, 2 x gudang, dan WiFi fiber optic.

Resort ini merupakan investasi yang ideal untuk secara eksklusif bisnis yang sudah berjalan dengan baik dengan menyewakan semua villa atau campuran dari bisnis dan rumah pribadi, sejak villa 2 kamar ini didesain sebagai rumah pribadi tetapi juga bisa disewakan untuk memaksimalkan keuntungan."
93,18 Juli 2020,https://www.rumah123.com/properti/lombok-barat/hos6959613/,Rp. 5.500.000.000,"Batu Layar, Lombok Barat",583,600,3,3,0,0,0,1,0,SHM,Villa 2 lantai dan isinya di Senggigi Batulayar Lombok barat V028,"Dijual Villa 2 lantai dan isinya di Senggigi Batulayar Lombok barat

Lokasi : Jl. Wisata Alam, Bukit Tohano Senggigi

Luas: Bangunan 600 M2 / Tanah 583 M2

Harga : Rp. 5.500.000.000/global

Keterangan : Villa 2 lantai dan isinya di Senggigi Batulayar Lombok barat. Terdiri dari 3 kamar tidur, 2 kamar mandi dengan bath tub hair dryer, 1 kamar mandi tanpa bath tub. Dapur dengan kitchen set all furnished. Setiap kamar dilengkapi AC, water heater dan TV.

Dengan fasilitas tambahan yaitu private gym dan private swimming pool. Lokasi nyaman dan asri dengan view bukit yang indah. Sertifikat HGB sedang dalam proses ke SHM."
94,1 Juli 2020,https://www.rumah123.com/properti/lombok-utara/hos6818999/,Rp. 8.500.000.000,"Gili Air, Lombok Utara",650,400,5,4,0,0,0,0,0,SHM,"Beautiful Resort at Gili Air, Lombok","Beautiful Resort at Gili Air, Lombok For Sale

Location: Gili Air, Lombok
350 meters from Beach
Walking distance to restaurants and cafes
Details:
- Freehold IMB (2016)
- Land size: 650 sqm
- Consist of : 3 x 1 bedroom villas
1 x 2 bedroom villas
- Total 5 bedrooms with 4 bathrooms
- Each villa offers: - Private pool
- Living and dining room
- Kitchen
- Terrace
- Resort facilities: Reception, staff room, laundry area, 2 stock, WiFi
- Sold with Fully Furnished
- The business was running very well

Price: IDR 8,5 Billion (negotiable)
ind-220620"
95,6 Maret 2020,https://www.rumah123.com/properti/lombok-utara/hos6252078/,Rp. 7.000.000.000,"Gili Trawangan, Lombok Utara",1300,500,7,7,0,0,0,0,0,SHM,Hotel di Gili Trawangan - Lombok,"Hotel di Gili Trawangan - Lombok
code : 265
Luas tanah 1.300 m2
Terdiri dari 7 kamar tidur
Kolam renang
Reception, dapur, mess
Masih banyak lahan kosong untuk dikembangkan
Harga Rp 7 Milyar"
96,7 Februari 2020,https://www.rumah123.com/properti/lombok-barat/hos6073030/,Rp. 8.000.000.000,"Senggigi, Lombok Barat",1000,400,4,4,0,0,0,0,7700,SHM,VILLA VIEW LAUT DAN GUNUNG AGUNG SIAP DI PINANG PENGHASIL DOLLAR,"Villa Dijual Lombok Barat DIJUAL VILLA VIEW PANTAI SENGGIGI DAN GUNUNG AGUNG



VILLA KOMERSIL YANG COCOK UNTUK INVESTASI PENGHASIL DOLLAR



LOKASI BERADA DI KAWASAN HOTEL BERBINTANG PANTAI BUKIT SENGGIGI



LUAS TANAH 1000M2

LUAS VILLA 400M2



FASILITAS

4 MASTER ROOM

1 MAID ROOM

SWIMMINGPOOL

GARDEN

CARPORT 4 MOBIL

AKSES JLN ASPAL

SHM"
97,16 September 2019,https://www.rumah123.com/properti/lombok-utara/hos4999677/,"Rp. 9.400.000.000,00","Gili Air, Lombok Utara",600,370,3,3,0,0,0,0,0,HGB,Brand New Beach Front Villa Lombok,"COCANA Gili Trawangan Lombok

BRAND NEW BEACH FRONT VILLA

Beach Front Villa and Lagoon Suites
Freehold Title or 100-years Lease
Can be used as Residence or managed
Facilities : Beach Club, Wellness

Lagoon Suite : Unit size 46,5 m2 - Rp. 1.600.000.000,-
1 Bedroom Villa : Land/ Build 150/ 135 - Rp. 3.700.000.000,-
2 Bedroom Villa : Land/ Build 300/ 255 - Rp. 5.900.000.000,-
3 Bedroom Villa : Land/ Build 600/ 370 - Rp. 9.400.000.000,-

In House Financing 30% - 24x monthly payment 0%
If managed guarantee ROI : 5 years x 6 %

Call me :
Roni Gunawan
WA : +6281232996050
Email : roni@raywhitekuta.com
https://raywhitekuta.com/property/agent/235/Roni-Gunawan
Web : www.raywhitekuta.com

#mc #timetobuy #house #housing #furnishings #pool #listyourhome #carport #properti #propertibali #propertybali #cunproperty #resikproperty #properties #property #raywhite #raywhitekuta #investment #raywhiteindonesia #baliproperty #bali #luxuryliving #luxurylifestyle #luxuryresort #luxuryvilla #luxuryvillas #realestate #balirea"
98,12 Maret 2019,https://www.rumah123.com/properti/karangasem/hos4352761/,Rp. 9.747.000.000,"Candi Dasa, Karangasem",858,320,4,4,0,0,1,0,0,PPJB,Absolute Waterfront Villa In A Superb Setting - 1798 - P,"Blessed with picture-perfect ocean views, with a modern contemporary design and clean lines all bathed in white, this gorgeous waterfront property sits on a simply stunning setting, overlooking the Lombok straight and Nusa Penida. Fronting the pool, the living and dining pavilions are ideally located at the front of the property, boasting 180 degree ocean views, and feature large sliding glass doors that creates beautiful indoor/outdoor spaces. All the generously sized bedrooms are equipped with its own en-suite bathroom. Extremely private and quiet, yet within walking distance to many dining options, this is the perfect place to call home or operate as a holiday rental property.

. Gorgeous contemporary four bedroom waterfront villa in a simply stunning setting
. Absolute unobstructed ocean views from the living dining pavilions as well as the pool
. Open plan living spaces that can be enclosed with glass sliding doors to create a pleasant indoor/outdoor floor

Price : USD 690,000"
99,9 September 2018,https://www.rumah123.com/properti/lombok-utara/hos3755311/,Rp. 9.570.000.000,"Gili Trawangan, Lombok Utara",600,370,3,3,0,0,0,0,0,PPJB,Three-Bedroom Villa in Prime Location on Gili Trawangan,"This luxurious three-bedroom freehold villa represents the pinnacle of island living, with each of its bedrooms enjoying their own private surroundings.

The bathrooms are designed in a modern yet tranquil style, while the pool and lounging areas showcase world class landscaping.

The cleverly designed living areas offers the choice of open-air living or air-conditioned comfort. Land size 600sqm, building size 370sqm.

The villa is enhanced with spectacular sunset views, turquoise waters, fantastic diving and white sandy beaches.

Your Villa is the perfect getaway for use as you require, either as your private residence or to enjoy your high yields as part of the resort. With 28 days per-year usage with a 6% guaranteed ROI for 3 years, you can relax and enjoy amazingly strong capital appreciation.
The paradise island of Gili Trawangan, off Lombok''s northwest coast is a must-visit destination for Bali''s significant tourism market.
The paradise island of Gili Trawangan, off Lombok''s northwest coast, is a must-visit destination for Bali''s significant tourism market. Hurry! There is a limited supply of villas of this size on the island."
100,27 November 2017,https://www.rumah123.com/properti/lombok-barat/hos2949875/,Rp. 6.000.000.000,"Senggigi, Lombok Barat",2470,1000,11,11,0,0,0,0,0,SHM,Hotel dipinggir jalan raya Sengiggi,"Dijual cepat! Hotel dipinggir jalan raya Sengiggi.
Luas tanah 2,470 m2.
Terdiri dari 11 kamar tidur + 11 kamar mandi.
Facilities : kolam renang, Bar, restaurant, Lobby/office.
Sertifikat Hak Milik.
Ijin dan IMB tersedia.
5 menit menuju pantai terdekat.
20 menit dari kota Mataram.
90 menit dari Bandara International Lombok.

Harga IDR 6 Milyar."
101,12 Agustus 2017,https://www.rumah123.com/properti/lombok-utara/hos2698460/,Rp. 7.500.000.000,"Gili Trawangan, Lombok Utara",1400,700,6,6,0,0,0,0,11000,SHM,"Cottage di Gili Trawangan,Lombok,NTB","Lokasi hanya 100 meter dari pantai. Cocok untuk investasi. Luas Tanah : 14 are. Luas Bangunan : 7 are. Ada 6 cottage, dilengkapi kolam renang. SHM. IMB"
102,12 Oktober 2016,https://www.rumah123.com/properti/lombok-barat/hos2181391/,Rp. 6.000.000.000,"Senggigi, Lombok Barat",1269,232,3,3,0,0,0,0,-,SHM,"Villa di Pinggir Pantai, Senggigi Lombok","Segera Di Jual Villa di Senggigi Lombok, Memiliki Luas Tanah 1.269m bangunan 232m dengan area sekitar Villa,Restaurant, dan Pantai"
103,7 April 2021,https://www.rumah123.com/properti/lombok-tengah/hos8134050/,Rp. 19.500.000.000,"Pujut, Lombok Tengah ",17600,370,5,5,0,0,0,0,13500,HGB,Villa di Lombok Mandalika NTB,"Villa Dijual Lombok Tengah BISNIS YANG SUKSES 5 VILLA MEWAH+ 45% TANAH -OCEAN VIEW UNTK DIJUAL -DI LOMBOK MANDALIKA, DENGAN REPUTASI SANGAT BAIK ( BOOKING, TRIPADVISOR, GOOGLE, FB ) + 45% -TANAH - PLOT BANGUNAN UNTUK TAMBAHAN BARU (2-3 VILA + SPA) DENGAN PEMANDANGAN PANORAMA LAUT, POHON PALEM, DAN MATAHARI TERBENAM."
104,23 Maret 2021,https://www.rumah123.com/properti/lombok-tengah/hos8069091/,Rp. 19.500.000.000,"Pujut, Lombok Tengah",1760,360,0,0,0,0,0,0,13500,HGB,Villa Jual Lombok Cocok untuk Bisnis Investor Welcome,"Villa bisnis hotel berbintang 3, view langsng ke Pantai (3 KM), Area Moto GP dan Lapangan Golf. Arsitektur eropa, 1 kawasan ada 5 villa dengan taman pribadi. Fasilitas Villa lengkap dari Kolam renang, Teras pribadi, wifi, water heater, parking area, dapur, dll"
105,7 Maret 2021,https://www.rumah123.com/properti/lombok-barat/hos8007299/,Rp. 19.500.000.000,"Senggigi, Lombok Barat",1760,490,5,5,0,0,0,0,13900,HGB,Villa Mewah Di Mandalika Lombok,"Di jual Villa establish Lombok Barat Villa mewah dengan panorama.exotic golf course dan sircuit motto GP di lombok, adalah salah satu villa yg di kelola secara profesional dengan rating sangat bagus di TripAdvisor,.booking.com dan facebook."
106,14 November 2020,https://www.rumah123.com/properti/lombok-utara/hos7554884/,Rp. 12.500.000.000,"Gili Trawangan, Lombok Utara",628,-,6,0,0,0,0,0,-,SHM,Villa Gili Trawangan Lombok Utara,"Dijual cepat, Lokasi Gili Trawangan Lombok, Villa ada 8 Kamar, Lt 628m, 6 untuk tamu semua dilantai 1, 2 kamar utama, kolam renang, Ac, dll"
107,16 Oktober 2020,https://www.rumah123.com/properti/lombok-barat/hos7438756/,Rp. 18.000.000.000,"Batu Layar, Lombok Barat",2000,900,10,10,0,1,0,0,16000,SHM,Batu layar lombok good location good invest!,"Lokasi mantap, view ok, Lt 200, Listrik 16000, Air Sumur, Kamar 10, Kamar mandi dalam, kamar staff 2, gudang 2, dll"
108,24 Juni 2020,https://www.rumah123.com/properti/lombok-barat/hos6763273/,"Rp, 12.440.000.000","Pemenang, Lombok Barat",300,516,7,10,0,0,0,0,-,PPJB,Villa 7 Bedrooms in Gili Meno Lombok,"This resort of currently 4 bungalows , 1 double bedroom with private pool and a villa for rent . ( possibility of 4 more accomodation already built) ."
109,24 Desember 2019,https://www.rumah123.com/properti/lombok-barat/hos5813084/,Rp. 19.000.000.000,"Senggigi, Lombok Barat",1275,1000,13,13,0,0,0,0,-,SHM,Hotel di Centra Senggigi,"Hotel di Centra Senggigi, code : 252, Lt 1275 m persegi, terdiri dari 8 kamar premium, 5 kamar backpacker, kolam renang, Bar dan restaurant."
110,3 Oktober 2018,https://www.rumah123.com/properti/lombok-utara/hos3854933/,Rp. 14.257.000.000,"Gili Menok, Lombok Utara",1150,453,7,7,0,0,0,1,4400,SHM,Brand New Key Business in Lombok VL1584,This amazing freehold real estate resort is located in a beautiful area of Lombok. This gorgeous villa resort offers 7 en-suite bedrooms with quality bathrooms. It is built in a unique concept with finest quality materials and great attention to the details. It provides great luxury and comfort through its exquisite furnishing and artistic interior.
111,12 Juli 2017,https://www.rumah123.com/properti/lombok-barat/hos2631738/,Rp. 16.000.000.000,"Batu Layar, Lombok Barat",1000,950,3,3,0,0,0,0,-,SHM,Villa Murah Batu Layar Lombok Barat NTB,"LT 1000, LB 950, KT 3, KM 3, SHM, IMB, 2 Lantai"
112,02 Juli 2015,https://www.rumah123.com/properti/lombok-barat/hos1649283/,Rp. 16.000.000.000,"Senggigi, Lombok Barat",1000,950,3,1,0,1,0,2,7700,SHM,"Exclusive Villa View Laut Abadi Dkt Senggigi,mataram",Dijual Villa di Pulau Lombok Nusa Tenggara Barat. Dibangun dengan bahan berkwalitas serta diatas lereng bukit sehingga kita bisa mendapat pemandangan yang menakjubkan. Dengan fasilitas lengkap anda bisa bersantai bersama pasangan dan keluarga.
113,05 April 2021,https://www.rumah123.com/properti/lombok-barat/hos8126036/,Rp. 27.500.000.000,"Batu Layar, Lombok Barat",1200,1200,6,6,0,0,3,4,25000,SHM,Rumah di perumahan. Green valey sengigi lombok NTB,Di jual rumah di perumahan. Green valey sengigi lombok NTB. Tahan gempa sd 7.2 SR (sdh teruji). Kayu Merbau klas 1 super. Bangunan dibuat presisi tinggi dengan bahan kualitas terbaik
114,06 Maret 2021,https://www.rumah123.com/properti/lombok-barat/hos8002789/,Rp. 27.000.000.000,"Senggigi, Lombok Barat",1200,1200,6,6,0,0,3,4,23000,SHM,Villa Mewah Bangunan Tahan Gempa Senggigi Lombok Barat,"Villa Dijual Lombok barat Villa Mewah Bangunan Tahan Gempa Senggigi Lombok Barat, Lt 1200, Lb 1200, Bangunan Thn 2019"
115,03 Maret 2021,https://www.rumah123.com/properti/lombok-barat/hos7985667/,Rp. 27.000.000.000,"Batu Layar, Lombok Barat",1200,1200,6,6,0,3,0,0,23000,SHM,Villa Cantik Semi Furnished Bangunan Tahan Gempa Senggigi Lombok NTB,"Villa Dijual Lombok barat Villa Cantik Bangunan Tahan Gempa Senggigi Lombok Barat, Lt 1200, Lb 1200."
116,21 Desember 2020,https://www.rumah123.com/properti/lombok-tengah/hos7693319/,Rp.25.000.000.000,"Pujut, Lombok Tengah",5100,2000,14,14,0,0,0,0,-,SHM,Hotel di central Kuta Lombok,"Hotel di central Kuta Lombok, code : 276, Luas tanah 5.100 m2, Jumlah kamar 14 unit, Kolam renang."
117,16 Maret 2020,https://www.rumah123.com/properti/lombok-utara/hos6297066/,Rp. 48.000.000.000,"Gili Trawangan, Lombok Utara",8336,3000,8,8,0,1,0,1,95000,SHM,Luxurious and Modern Beachfront of White Sand Villas in Gili Island,"Situated on the quiet western side of the island, absolute beachfront location with stunning sunset view at the background the volcano Agung in Bali. The resort is a veritable haven of modern Indonesian design and antiquities. The resort is modern and luxurious giving one a sense of traditional Indonesian lifestyle, 8 spacious king-size bedrooms with semi-open bathrooms within tropical garden, semi open living area with a bar overlooking the private freshwater pool or Jacuzzi. Each room offers spacious yet cozy outdoor spaces with stunning sunset view."
118,02 Januari 2020,https://www.rumah123.com/properti/lombok-utara/hos5841567/,Rp. 24.000.000.000,"Gili Air, Lombok Tengah",6600,1500,10,10,0,0,0,0,-,PPJB,Beautiful Complex Villa Good For Investment In Gili Air VL2089,This beautiful freehold real estate complex is located in a quiet corner of Gili Air. This stunning real estate complex features 10 en-suite bedrooms with classy bathrooms. It is fully furnished and decorated in a great taste with expensive furnishing and interior.
119,21 Februari 2019,https://www.rumah123.com/properti/lombok-utara/hos4294713/,Rp. 34.020.000.000,"Gili Trawangan, Lombok Utara",9720,297,5,5,0,0,0,0,-,PPJB,Freehold and Is a Prime Option For Development Into a Beachfront Resort or Villa Complex VL1931,"This property is a rectangular block of land situated on the south east corner of Gili Trawangan. It is near enough to the main village amenities such as restaurants, diving centres, shops cafes to cycle in 10 minutes but far enough away to be able to wake up to the sound of birds go to sleep with the sound of waves."
120,17 Mei 2018,https://www.rumah123.com/properti/lombok-utara/hos3437169/,RP. 28.057.000.000,"Gili Trawangan, Lombok Utara",2830,546,7,7,0,0,0,0,47500,SHM,Modern Luxurious Beachfront Villa In Gili Trawangan VL1738,"This modern style luxurious beachfront freehold real estate is located in a quiet beach are of Gili Trawangan. This marvelous villa features 7 spacious, cozy and comfortable en-suite bedrooms with quality bathrooms."